{"cameraMode":{"drawMode":0,"name":"Shaded","section":"Shading Mode"},"sceneLighting":true,"audioPlay":false,"sceneViewState":{"showFog":true,"showMaterialUpdate":false,"showSkybox":true,"showFlares":true,"showImageEffects":true,"showParticleSystems":true},"in2DMode":false,"pivot":{"x":144.6664276123047,"y":-19.503326416015626,"z":212.91629028320313},"rotation":{"x":0.006099715828895569,"y":0.9850760698318481,"z":-0.1685873419046402,"w":0.03548534959554672},"size":71.82427978515625,"orthographic":true}