{"cameraMode":{"drawMode":0,"name":"Shaded","section":"Shading Mode"},"sceneLighting":false,"audioPlay":false,"sceneViewState":{"showFog":true,"showMaterialUpdate":false,"showSkybox":false,"showFlares":true,"showImageEffects":true,"showParticleSystems":true},"in2DMode":false,"pivot":{"x":-0.0029296875,"y":-0.0000152587890625,"z":0.000732421875},"rotation":{"x":0.0025080277118831875,"y":-0.5491968989372253,"z":0.0016462340718135238,"w":0.8357000946998596},"size":2.191699266433716,"orthographic":true}