{"cameraMode":{"drawMode":0,"name":"Shaded","section":"Shading Mode"},"sceneLighting":false,"audioPlay":false,"sceneViewState":{"showFog":true,"showMaterialUpdate":false,"showSkybox":false,"showFlares":true,"showImageEffects":true,"showParticleSystems":true},"in2DMode":false,"pivot":{"x":0.0,"y":2.440000057220459,"z":-3.7799997329711916},"rotation":{"x":0.14176373183727265,"y":-0.3628261983394623,"z":0.05595289543271065,"w":0.9193233847618103},"size":6.928203105926514,"orthographic":true}